
mysql> select count(*) from Entry where birthday < "1982-02-12";
+----------+
| count(*) |
+----------+
|     2687 |
+----------+
1 row in set (0.00 sec)

mysql> 



mysql> select count(*) from Entry where birthday >= "1965-01-01";
+----------+
| count(*) |
+----------+
|     2597 |
+----------+
1 row in set (0.00 sec)

mysql> 

mysql> select * from Entry where birthday = (select min(birthday) from Entry);                                     
+------+---------------+-----------+----------+---------------------+-------+---------+----------------+----------------+------------------+-----------------+-----------------+
| id   | addressBookId | firstName | lastName | birthday            | type  | subtype | contentLineOne | contentLineTwo | contentLineThree | contentLineFour | contentLineFive |
+------+---------------+-----------+----------+---------------------+-------+---------+----------------+----------------+------------------+-----------------+-----------------+
| 2260 |            93 | Abigail   | Rollins  | 1945-09-02 09:21:58 | other | address | 194 Non Road   | Berlin         | Berlin           | Bolivia         | 791155          |
+------+---------------+-----------+----------+---------------------+-------+---------+----------------+----------------+------------------+-----------------+-----------------+
1 row in set (0.01 sec)




/*********OR*********/
mysql> select * from Entry order by birthday limit 1;
+------+---------------+-----------+----------+---------------------+-------+---------+----------------+----------------+------------------+-----------------+-----------------+
| id   | addressBookId | firstName | lastName | birthday            | type  | subtype | contentLineOne | contentLineTwo | contentLineThree | contentLineFour | contentLineFive |
+------+---------------+-----------+----------+---------------------+-------+---------+----------------+----------------+------------------+-----------------+-----------------+
| 2260 |            93 | Abigail   | Rollins  | 1945-09-02 09:21:58 | other | address | 194 Non Road   | Berlin         | Berlin           | Bolivia         | 791155          |
+------+---------------+-----------+----------+---------------------+-------+---------+----------------+----------------+------------------+-----------------+-----------------+
1 row in set (0.00 sec)

mysql> 